<?xml version="1.0" encoding="utf-8"?>
<?xml-stylesheet type='text/xsl' href='ConversionLogFile.xsl'?>
<LogFile projectName="Semaforos_V16" typeText="Tipo" messageText="Mensaje" timeText="Hora">
  <MessageCell ServiceId="80" MessageId="30" MessageClass="Information" Timestamp="07/05/2024 11:14:13">
    <Number ServiceNumber="80" MessageNumber="30" />
    <Text FeedbackText="Actualización iniciada" />
    <Help HelpId="-1" />
  </MessageCell>
  <Details ServiceId="80" MessageId="30" Timestamp="07/05/2024 11:14:15" Debug="false">
    <Text>Reorganization succeed!</Text>
  </Details>
  <MessageCell ServiceId="80" MessageId="30" MessageClass="Information" Timestamp="07/05/2024 11:14:15">
    <Number ServiceNumber="80" MessageNumber="30" />
    <Text FeedbackText="CheckRepair lost+found objects" />
    <Help HelpId="-1" />
  </MessageCell>
  <Details ServiceId="80" MessageId="30" Timestamp="07/05/2024 11:14:18" Debug="false">
    <Text>No error is detected.</Text>
  </Details>
  <MessageCell ServiceId="80" MessageId="30" MessageClass="Information" Timestamp="07/05/2024 11:14:19">
    <Number ServiceNumber="80" MessageNumber="30" />
    <Text FeedbackText="CheckRepair missing bidirectional links" />
    <Help HelpId="-1" />
  </MessageCell>
  <Details ServiceId="80" MessageId="30" Timestamp="07/05/2024 11:14:19" Debug="false">
    <Text>No error is detected.</Text>
  </Details>
  <Details ServiceId="80" MessageId="30" Timestamp="07/05/2024 11:14:34" Debug="false">
    <Text>HmiConvert: Started conversion section.</Text>
  </Details>
  <Details ServiceId="80" MessageId="30" Timestamp="07/05/2024 11:14:34" Debug="false">
    <Text>HmiConvert: Starting conversion step &lt;Siemens.Simatic.Hmi.Device.DeviceManagers.Scan:Siemens.Simatic.Hmi.Utah.Device.Upgrade.DeviceConverter.ConvertHmiDeviceToV16&gt;.</Text>
  </Details>
  <Details ServiceId="80" MessageId="30" Timestamp="07/05/2024 11:14:36" Debug="false">
    <Text>HmiConvert: Finished conversion step &lt;Siemens.Simatic.Hmi.Device.DeviceManagers.Scan:Siemens.Simatic.Hmi.Utah.Device.Upgrade.DeviceConverter.ConvertHmiDeviceToV16&gt;.</Text>
  </Details>
  <Details ServiceId="80" MessageId="30" Timestamp="07/05/2024 11:14:36" Debug="false">
    <Text>HmiConvert: Starting conversion step &lt;Siemens.Simatic.Hmi.Globalization.Managers.Scan:Siemens.Simatic.Hmi.Utah.Globalization.HmiTextDataCategoryNameConvert.RepairTextCategoryName&gt;.</Text>
  </Details>
  <Details ServiceId="80" MessageId="30" Timestamp="07/05/2024 11:14:36" Debug="false">
    <Text>HmiConvert: Finished conversion step &lt;Siemens.Simatic.Hmi.Globalization.Managers.Scan:Siemens.Simatic.Hmi.Utah.Globalization.HmiTextDataCategoryNameConvert.RepairTextCategoryName&gt;.</Text>
  </Details>
  <Details ServiceId="80" MessageId="30" Timestamp="07/05/2024 11:14:36" Debug="false">
    <Text>HmiConvert: Starting conversion step &lt;Siemens.Simatic.Hmi.BL.ModernUI:Siemens.Simatic.Hmi.BL.ModernUI.Convert.ScreenItemPhaseConverter.AdaptModel&gt;.</Text>
  </Details>
  <Details ServiceId="80" MessageId="30" Timestamp="07/05/2024 11:14:36" Debug="false">
    <Text>HmiConvert: Finished conversion step &lt;Siemens.Simatic.Hmi.BL.ModernUI:Siemens.Simatic.Hmi.BL.ModernUI.Convert.ScreenItemPhaseConverter.AdaptModel&gt;.</Text>
  </Details>
  <Details ServiceId="80" MessageId="30" Timestamp="07/05/2024 11:14:36" Debug="false">
    <Text>HmiConvert: Starting conversion step &lt;Siemens.Simatic.Hmi.Styles.Managers.Scan:Siemens.Simatic.Hmi.Utah.Styles.HmiStyleConverter.ConvertHmiStyleFromV151ToV16&gt;.</Text>
  </Details>
  <Details ServiceId="80" MessageId="30" Timestamp="07/05/2024 11:14:36" Debug="false">
    <Text>HmiConvert: Finished conversion step &lt;Siemens.Simatic.Hmi.Styles.Managers.Scan:Siemens.Simatic.Hmi.Utah.Styles.HmiStyleConverter.ConvertHmiStyleFromV151ToV16&gt;.</Text>
  </Details>
  <Details ServiceId="80" MessageId="30" Timestamp="07/05/2024 11:14:36" Debug="false">
    <Text>HmiConvert: Starting conversion step &lt;Siemens.Simatic.Hmi.BL.ILStyles:Siemens.Simatic.Hmi.BL.ILStyles.Convert.StyleConverter.ConvertStyle&gt;.</Text>
  </Details>
  <Details ServiceId="80" MessageId="30" Timestamp="07/05/2024 11:14:36" Debug="false">
    <Text>HmiConvert: Finished conversion step &lt;Siemens.Simatic.Hmi.BL.ILStyles:Siemens.Simatic.Hmi.BL.ILStyles.Convert.StyleConverter.ConvertStyle&gt;.</Text>
  </Details>
  <Details ServiceId="80" MessageId="30" Timestamp="07/05/2024 11:14:36" Debug="false">
    <Text>HmiConvert: Starting conversion step &lt;Siemens.Simatic.Hmi.Communication.Managers.Scan:Siemens.Simatic.Hmi.Utah.Communication.HmiConnectionAutoRepairer.HmiConnectionAutoRepairs&gt;.</Text>
  </Details>
  <Details ServiceId="80" MessageId="30" Timestamp="07/05/2024 11:14:36" Debug="false">
    <Text>HmiConvert: Finished conversion step &lt;Siemens.Simatic.Hmi.Communication.Managers.Scan:Siemens.Simatic.Hmi.Utah.Communication.HmiConnectionAutoRepairer.HmiConnectionAutoRepairs&gt;.</Text>
  </Details>
  <Details ServiceId="80" MessageId="30" Timestamp="07/05/2024 11:14:36" Debug="false">
    <Text>HmiConvert: Starting conversion step &lt;Siemens.Simatic.Hmi.BL.Scripting.Scan:Siemens.Simatic.Hmi.BL.Scripting.Migrations.ModuleConverter.ModuleRepair&gt;.</Text>
  </Details>
  <Details ServiceId="80" MessageId="30" Timestamp="07/05/2024 11:14:36" Debug="false">
    <Text>HmiConvert: Finished conversion step &lt;Siemens.Simatic.Hmi.BL.Scripting.Scan:Siemens.Simatic.Hmi.BL.Scripting.Migrations.ModuleConverter.ModuleRepair&gt;.</Text>
  </Details>
  <Details ServiceId="80" MessageId="30" Timestamp="07/05/2024 11:14:36" Debug="false">
    <Text>HmiConvert: Starting conversion step &lt;Siemens.Simatic.Hmi.GraphX.GraphXManagers.Scan:Siemens.Simatic.Hmi.Utah.GraphX.ChainedListConverter.ConvertFixScreenChainedList&gt;.</Text>
  </Details>
  <Details ServiceId="80" MessageId="30" Timestamp="07/05/2024 11:14:36" Debug="false">
    <Text>HmiConvert: Finished conversion step &lt;Siemens.Simatic.Hmi.GraphX.GraphXManagers.Scan:Siemens.Simatic.Hmi.Utah.GraphX.ChainedListConverter.ConvertFixScreenChainedList&gt;.</Text>
  </Details>
  <Details ServiceId="80" MessageId="30" Timestamp="07/05/2024 11:14:36" Debug="false">
    <Text>HmiConvert: Starting conversion step &lt;Siemens.Simatic.Hmi.GraphX.GraphXManagers.Scan:Siemens.Simatic.Hmi.Utah.GraphX.PhaseConverter.RepairPointsCollectionOfScreenItems&gt;.</Text>
  </Details>
  <Details ServiceId="80" MessageId="30" Timestamp="07/05/2024 11:14:36" Debug="false">
    <Text>HmiConvert: Finished conversion step &lt;Siemens.Simatic.Hmi.GraphX.GraphXManagers.Scan:Siemens.Simatic.Hmi.Utah.GraphX.PhaseConverter.RepairPointsCollectionOfScreenItems&gt;.</Text>
  </Details>
  <Details ServiceId="80" MessageId="30" Timestamp="07/05/2024 11:14:36" Debug="false">
    <Text>HmiConvert: Starting conversion step &lt;Siemens.Automation.Simatic.CPM.HMI:Siemens.Simatic.Hmi.BL.Cpm.Convert.V151ToV16.PlantModelConverter.ConvertPlantModel&gt;.</Text>
  </Details>
  <Details ServiceId="80" MessageId="30" Timestamp="07/05/2024 11:14:37" Debug="false">
    <Text>HmiConvert: Finished conversion step &lt;Siemens.Automation.Simatic.CPM.HMI:Siemens.Simatic.Hmi.BL.Cpm.Convert.V151ToV16.PlantModelConverter.ConvertPlantModel&gt;.</Text>
  </Details>
  <Details ServiceId="80" MessageId="30" Timestamp="07/05/2024 11:14:37" Debug="false">
    <Text>HmiConvert: Starting conversion step &lt;Siemens.Simatic.Hmi.RuntimeIT.Managers.Scan:Siemens.Simatic.Hmi.Utah.RTSecurity.Upgrade.HmiRtSecurityRepair.RepairRtUserPasswordHash&gt;.</Text>
  </Details>
  <Details ServiceId="80" MessageId="30" Timestamp="07/05/2024 11:14:37" Debug="false">
    <Text>HmiConvert: Finished conversion step &lt;Siemens.Simatic.Hmi.RuntimeIT.Managers.Scan:Siemens.Simatic.Hmi.Utah.RTSecurity.Upgrade.HmiRtSecurityRepair.RepairRtUserPasswordHash&gt;.</Text>
  </Details>
  <Details ServiceId="80" MessageId="30" Timestamp="07/05/2024 11:14:37" Debug="false">
    <Text>HmiConvert: Starting conversion step &lt;Siemens.Simatic.Hmi.Globalization.Managers.Scan:Siemens.Simatic.Hmi.Utah.Globalization.TextRepairForConvert.TextsRepairInHmiBusinessLogicLevel&gt;.</Text>
  </Details>
  <Details ServiceId="80" MessageId="30" Timestamp="07/05/2024 11:14:37" Debug="false">
    <Text>HmiConvert: Finished conversion step &lt;Siemens.Simatic.Hmi.Globalization.Managers.Scan:Siemens.Simatic.Hmi.Utah.Globalization.TextRepairForConvert.TextsRepairInHmiBusinessLogicLevel&gt;.</Text>
  </Details>
  <Details ServiceId="80" MessageId="30" Timestamp="07/05/2024 11:14:37" Debug="false">
    <Text>HmiConvert is waiting for external dependency: Siemens.Simatic.Lang.SPLConvert</Text>
  </Details>
  <MessageCell ServiceId="80" MessageId="30" MessageClass="Warning" Timestamp="07/05/2024 11:14:48">
    <Number ServiceNumber="80" MessageNumber="30" />
    <Text FeedbackText="Elemento del proyecto: '\PLC_1\ProgramBlocksFolder\Main' - Incoherencia de suma de verificación para 'General; Event'." />
    <Help HelpId="-1" />
  </MessageCell>
  <MessageCell ServiceId="80" MessageId="30" MessageClass="Warning" Timestamp="07/05/2024 11:14:48">
    <Number ServiceNumber="80" MessageNumber="30" />
    <Text FeedbackText="Elemento del proyecto: '\PLC_1\ProgramBlocksFolder\SystemBlocksFolder\ProgramResourcesFolder\IEC_Timer_0_DB_1' - Incoherencia de suma de verificación para 'General'." />
    <Help HelpId="-1" />
  </MessageCell>
  <MessageCell ServiceId="80" MessageId="30" MessageClass="Warning" Timestamp="07/05/2024 11:14:48">
    <Number ServiceNumber="80" MessageNumber="30" />
    <Text FeedbackText="Elemento del proyecto: '\PLC_1\ProgramBlocksFolder\SystemBlocksFolder\ProgramResourcesFolder\IEC_Timer_0_DB_2' - Incoherencia de suma de verificación para 'General'." />
    <Help HelpId="-1" />
  </MessageCell>
  <Details ServiceId="80" MessageId="30" Timestamp="07/05/2024 11:14:48" Debug="false">
    <Text>HmiConvert: Started conversion section.</Text>
  </Details>
  <Details ServiceId="80" MessageId="30" Timestamp="07/05/2024 11:14:48" Debug="false">
    <Text>HmiConvert: Starting conversion step &lt;Siemens.Simatic.Hmi.Tag.Managers.Scan:Siemens.Simatic.Hmi.Utah.Tag.RootTagConvertSynchronization.ResynchronizeRootTag&gt;.</Text>
  </Details>
  <Details ServiceId="80" MessageId="30" Timestamp="07/05/2024 11:14:50" Debug="false">
    <Text>HmiConvert: Finished conversion step &lt;Siemens.Simatic.Hmi.Tag.Managers.Scan:Siemens.Simatic.Hmi.Utah.Tag.RootTagConvertSynchronization.ResynchronizeRootTag&gt;.</Text>
  </Details>
  <Details ServiceId="80" MessageId="30" Timestamp="07/05/2024 11:14:50" Debug="false">
    <Text>HmiConvert: Starting conversion step &lt;Siemens.Simatic.Hmi.Alarm.Managers.Scan:Siemens.Simatic.Hmi.Utah.Alarm.AlarmDataConverterWithHmiBl.ConvertExistingUserDefinedCommonAndSystemAlarmClasses&gt;.</Text>
  </Details>
  <Details ServiceId="80" MessageId="30" Timestamp="07/05/2024 11:14:50" Debug="false">
    <Text>HmiConvert: Finished conversion step &lt;Siemens.Simatic.Hmi.Alarm.Managers.Scan:Siemens.Simatic.Hmi.Utah.Alarm.AlarmDataConverterWithHmiBl.ConvertExistingUserDefinedCommonAndSystemAlarmClasses&gt;.</Text>
  </Details>
  <Details ServiceId="80" MessageId="30" Timestamp="07/05/2024 11:14:50" Debug="false">
    <Text>HmiConvert: Starting conversion step &lt;Siemens.Simatic.Hmi.BL.Logging.Scan:Siemens.Simatic.Hmi.BL.Logging.Convert.LogConverter.Convert&gt;.</Text>
  </Details>
  <Details ServiceId="80" MessageId="30" Timestamp="07/05/2024 11:14:50" Debug="false">
    <Text>HmiConvert: Finished conversion step &lt;Siemens.Simatic.Hmi.BL.Logging.Scan:Siemens.Simatic.Hmi.BL.Logging.Convert.LogConverter.Convert&gt;.</Text>
  </Details>
  <Details ServiceId="80" MessageId="30" Timestamp="07/05/2024 11:14:50" Debug="false">
    <Text>HmiConvert: Starting conversion step &lt;Siemens.Simatic.Hmi.BL.Scripting.Scan:Siemens.Simatic.Hmi.BL.Scripting.Migrations.ScriptReferenceBLConverter.ResolveScriptReferencesDuringConvert&gt;.</Text>
  </Details>
  <Details ServiceId="80" MessageId="30" Timestamp="07/05/2024 11:14:50" Debug="false">
    <Text>HmiConvert: Finished conversion step &lt;Siemens.Simatic.Hmi.BL.Scripting.Scan:Siemens.Simatic.Hmi.BL.Scripting.Migrations.ScriptReferenceBLConverter.ResolveScriptReferencesDuringConvert&gt;.</Text>
  </Details>
  <Details ServiceId="80" MessageId="30" Timestamp="07/05/2024 11:14:50" Debug="false">
    <Text>HmiConvert: Starting conversion step &lt;Siemens.Simatic.Hmi.Communication.Managers.Scan:Siemens.Simatic.Hmi.Utah.Communication.ConnectionPropertiesRelatedToAlarmConverter.ConvertAlarmPropertiesForConnectionInUpgrade&gt;.</Text>
  </Details>
  <Details ServiceId="80" MessageId="30" Timestamp="07/05/2024 11:14:50" Debug="false">
    <Text>HmiConvert: Finished conversion step &lt;Siemens.Simatic.Hmi.Communication.Managers.Scan:Siemens.Simatic.Hmi.Utah.Communication.ConnectionPropertiesRelatedToAlarmConverter.ConvertAlarmPropertiesForConnectionInUpgrade&gt;.</Text>
  </Details>
  <Details ServiceId="80" MessageId="30" Timestamp="07/05/2024 11:14:50" Debug="false">
    <Text>HmiConvert: Starting conversion step &lt;Siemens.Simatic.Hmi.Communication.Managers.Scan:Siemens.Simatic.Hmi.Utah.Communication.ConvertV16.ConnectionPasswordConverter.AddPasswordToProtocolValues&gt;.</Text>
  </Details>
  <Details ServiceId="80" MessageId="30" Timestamp="07/05/2024 11:14:50" Debug="false">
    <Text>HmiConvert: Finished conversion step &lt;Siemens.Simatic.Hmi.Communication.Managers.Scan:Siemens.Simatic.Hmi.Utah.Communication.ConvertV16.ConnectionPasswordConverter.AddPasswordToProtocolValues&gt;.</Text>
  </Details>
  <Details ServiceId="80" MessageId="30" Timestamp="07/05/2024 11:14:50" Debug="false">
    <Text>HmiConvert: Finished conversion section.</Text>
  </Details>
  <MessageCell ServiceId="80" MessageId="30" MessageClass="Information" Timestamp="07/05/2024 11:14:52">
    <Number ServiceNumber="80" MessageNumber="30" />
    <Text FeedbackText="Convirtiendo la información de referencias cruzadas." />
    <Help HelpId="-1" />
  </MessageCell>
  <MessageCell ServiceId="80" MessageId="30" MessageClass="Information" Timestamp="07/05/2024 11:14:53">
    <Number ServiceNumber="80" MessageNumber="30" />
    <Text FeedbackText="La información de referencias cruzadas se ha generado correctamente." />
    <Help HelpId="-1" />
  </MessageCell>
  <MessageCell ServiceId="80" MessageId="30" MessageClass="Information" Timestamp="07/05/2024 11:14:53">
    <Number ServiceNumber="80" MessageNumber="30" />
    <Text FeedbackText="La conversión de la información de referencias cruzadas se ha completado." />
    <Help HelpId="-1" />
  </MessageCell>
  <Details ServiceId="80" MessageId="30" Timestamp="07/05/2024 11:14:54" Debug="false">
    <Text>Package container 'Siemens.Simatic.Lang.S7BSW.V15.1.0.0.NonMandatory' was deleted</Text>
  </Details>
  <Details ServiceId="80" MessageId="30" Timestamp="07/05/2024 11:14:54" Debug="false">
    <Text>Product version 'Siemens.Simatic.STEP7.Basic:15.01.00.00' was deleted</Text>
  </Details>
  <MessageCell ServiceId="Automation-ObjectFrame-Feedbacks" MessageId="ConversionInfoTabProjectSucceeded" MessageClass="Success" Timestamp="07/05/2024 11:14:55">
    <Number ServiceNumber="80" MessageNumber="34" />
    <Text FeedbackText="El proyecto 'D:\Semaforos\Semaforos\System\PEData.plf' se ha actualizado correctamente y se ha guardado como proyecto 'D:\Semaforos\Semaforos_V16\System\PEData.plf'." />
    <Help HelpId="-1" HelpFile="" />
  </MessageCell>
  <MessageCell ServiceId="80" MessageId="30" MessageClass="Information" Timestamp="07/05/2024 11:14:55">
    <Number ServiceNumber="80" MessageNumber="30" />
    <Text FeedbackText="FinalCheckRemainingErrors" />
    <Help HelpId="-1" />
  </MessageCell>
  <Details ServiceId="80" MessageId="30" Timestamp="07/05/2024 11:14:55" Debug="false">
    <Text>No error is detected.</Text>
  </Details>
</LogFile>